<annotation>
	<folder>images</folder>
	<filename>IMG_20200528_080125.jpg</filename>
	<path>/media/ubuntu/8F73-ECCC/dataset/images/IMG_20200528_080125.jpg</path>
	<source>
		<database>Unknown</database>
	</source>
	<size>
		<width>4000</width>
		<height>3000</height>
		<depth>3</depth>
	</size>
	<segmented>0</segmented>
	<object>
		<name>or</name>
		<pose>Unspecified</pose>
		<truncated>0</truncated>
		<difficult>0</difficult>
		<bndbox>
			<xmin>640</xmin>
			<ymin>588</ymin>
			<xmax>1655</xmax>
			<ymax>1423</ymax>
		</bndbox>
	</object>
	<object>
		<name>and</name>
		<pose>Unspecified</pose>
		<truncated>0</truncated>
		<difficult>0</difficult>
		<bndbox>
			<xmin>2750</xmin>
			<ymin>1815</ymin>
			<xmax>3390</xmax>
			<ymax>2638</ymax>
		</bndbox>
	</object>
</annotation>
