<annotation>
	<folder>images</folder>
	<filename>IMG_20200528_100155.jpg</filename>
	<path>/media/ubuntu/8F73-ECCC/dataset/images/IMG_20200528_100155.jpg</path>
	<source>
		<database>Unknown</database>
	</source>
	<size>
		<width>4000</width>
		<height>3000</height>
		<depth>3</depth>
	</size>
	<segmented>0</segmented>
	<object>
		<name>or</name>
		<pose>Unspecified</pose>
		<truncated>0</truncated>
		<difficult>0</difficult>
		<bndbox>
			<xmin>770</xmin>
			<ymin>540</ymin>
			<xmax>1746</xmax>
			<ymax>1308</ymax>
		</bndbox>
	</object>
	<object>
		<name>or</name>
		<pose>Unspecified</pose>
		<truncated>0</truncated>
		<difficult>0</difficult>
		<bndbox>
			<xmin>2368</xmin>
			<ymin>1594</ymin>
			<xmax>3268</xmax>
			<ymax>2346</ymax>
		</bndbox>
	</object>
</annotation>
