<annotation>
	<folder>images</folder>
	<filename>IMG_20200528_095915.jpg</filename>
	<path>/media/ubuntu/8F73-ECCC/dataset/images/IMG_20200528_095915.jpg</path>
	<source>
		<database>Unknown</database>
	</source>
	<size>
		<width>4000</width>
		<height>3000</height>
		<depth>3</depth>
	</size>
	<segmented>0</segmented>
	<object>
		<name>or</name>
		<pose>Unspecified</pose>
		<truncated>0</truncated>
		<difficult>0</difficult>
		<bndbox>
			<xmin>978</xmin>
			<ymin>485</ymin>
			<xmax>1822</xmax>
			<ymax>1198</ymax>
		</bndbox>
	</object>
	<object>
		<name>or</name>
		<pose>Unspecified</pose>
		<truncated>0</truncated>
		<difficult>0</difficult>
		<bndbox>
			<xmin>2444</xmin>
			<ymin>1572</ymin>
			<xmax>3324</xmax>
			<ymax>2332</ymax>
		</bndbox>
	</object>
</annotation>
