<annotation>
	<folder>images</folder>
	<filename>IMG_20200528_073007.jpg</filename>
	<path>/media/ubuntu/8F73-ECCC/dataset/images/IMG_20200528_073007.jpg</path>
	<source>
		<database>Unknown</database>
	</source>
	<size>
		<width>4000</width>
		<height>3000</height>
		<depth>3</depth>
	</size>
	<segmented>0</segmented>
	<object>
		<name>and</name>
		<pose>Unspecified</pose>
		<truncated>0</truncated>
		<difficult>0</difficult>
		<bndbox>
			<xmin>2689</xmin>
			<ymin>460</ymin>
			<xmax>3291</xmax>
			<ymax>1383</ymax>
		</bndbox>
	</object>
	<object>
		<name>not</name>
		<pose>Unspecified</pose>
		<truncated>0</truncated>
		<difficult>0</difficult>
		<bndbox>
			<xmin>3256</xmin>
			<ymin>753</ymin>
			<xmax>3484</xmax>
			<ymax>1004</ymax>
		</bndbox>
	</object>
	<object>
		<name>or</name>
		<pose>Unspecified</pose>
		<truncated>0</truncated>
		<difficult>0</difficult>
		<bndbox>
			<xmin>623</xmin>
			<ymin>1897</ymin>
			<xmax>1540</xmax>
			<ymax>2733</ymax>
		</bndbox>
	</object>
</annotation>
