<annotation>
	<folder>images</folder>
	<filename>IMG_20200528_094754.jpg</filename>
	<path>/media/ubuntu/8F73-ECCC/dataset/images/IMG_20200528_094754.jpg</path>
	<source>
		<database>Unknown</database>
	</source>
	<size>
		<width>4000</width>
		<height>3000</height>
		<depth>3</depth>
	</size>
	<segmented>0</segmented>
	<object>
		<name>and</name>
		<pose>Unspecified</pose>
		<truncated>0</truncated>
		<difficult>0</difficult>
		<bndbox>
			<xmin>1185</xmin>
			<ymin>368</ymin>
			<xmax>1725</xmax>
			<ymax>1132</ymax>
		</bndbox>
	</object>
	<object>
		<name>and</name>
		<pose>Unspecified</pose>
		<truncated>0</truncated>
		<difficult>0</difficult>
		<bndbox>
			<xmin>2652</xmin>
			<ymin>1706</ymin>
			<xmax>3158</xmax>
			<ymax>2472</ymax>
		</bndbox>
	</object>
	<object>
		<name>not</name>
		<pose>Unspecified</pose>
		<truncated>0</truncated>
		<difficult>0</difficult>
		<bndbox>
			<xmin>3151</xmin>
			<ymin>1906</ymin>
			<xmax>3353</xmax>
			<ymax>2156</ymax>
		</bndbox>
	</object>
</annotation>
