<annotation>
	<folder>images</folder>
	<filename>IMG_20200528_100147.jpg</filename>
	<path>/media/ubuntu/8F73-ECCC/dataset/images/IMG_20200528_100147.jpg</path>
	<source>
		<database>Unknown</database>
	</source>
	<size>
		<width>4000</width>
		<height>3000</height>
		<depth>3</depth>
	</size>
	<segmented>0</segmented>
	<object>
		<name>or</name>
		<pose>Unspecified</pose>
		<truncated>0</truncated>
		<difficult>0</difficult>
		<bndbox>
			<xmin>1150</xmin>
			<ymin>1598</ymin>
			<xmax>1854</xmax>
			<ymax>2258</ymax>
		</bndbox>
	</object>
	<object>
		<name>or</name>
		<pose>Unspecified</pose>
		<truncated>0</truncated>
		<difficult>0</difficult>
		<bndbox>
			<xmin>2541</xmin>
			<ymin>474</ymin>
			<xmax>3319</xmax>
			<ymax>1149</ymax>
		</bndbox>
	</object>
</annotation>
