<annotation>
	<folder>images</folder>
	<filename>IMG_20200528_080325__01.jpg</filename>
	<path>/media/ubuntu/8F73-ECCC/dataset/images/IMG_20200528_080325__01.jpg</path>
	<source>
		<database>Unknown</database>
	</source>
	<size>
		<width>3985</width>
		<height>2329</height>
		<depth>3</depth>
	</size>
	<segmented>0</segmented>
	<object>
		<name>or</name>
		<pose>Unspecified</pose>
		<truncated>0</truncated>
		<difficult>0</difficult>
		<bndbox>
			<xmin>808</xmin>
			<ymin>1182</ymin>
			<xmax>1308</xmax>
			<ymax>1932</ymax>
		</bndbox>
	</object>
	<object>
		<name>not</name>
		<pose>Unspecified</pose>
		<truncated>0</truncated>
		<difficult>0</difficult>
		<bndbox>
			<xmin>1298</xmin>
			<ymin>1422</ymin>
			<xmax>1493</xmax>
			<ymax>1637</ymax>
		</bndbox>
	</object>
	<object>
		<name>or</name>
		<pose>Unspecified</pose>
		<truncated>0</truncated>
		<difficult>0</difficult>
		<bndbox>
			<xmin>2403</xmin>
			<ymin>177</ymin>
			<xmax>3223</xmax>
			<ymax>937</ymax>
		</bndbox>
	</object>
</annotation>
