<annotation>
	<folder>images</folder>
	<filename>IMG_20200528_094525__01.jpg</filename>
	<path>/media/ubuntu/8F73-ECCC/dataset/images/IMG_20200528_094525__01.jpg</path>
	<source>
		<database>Unknown</database>
	</source>
	<size>
		<width>4000</width>
		<height>1971</height>
		<depth>3</depth>
	</size>
	<segmented>0</segmented>
	<object>
		<name>not</name>
		<pose>Unspecified</pose>
		<truncated>0</truncated>
		<difficult>0</difficult>
		<bndbox>
			<xmin>2945</xmin>
			<ymin>410</ymin>
			<xmax>3130</xmax>
			<ymax>600</ymax>
		</bndbox>
	</object>
	<object>
		<name>and</name>
		<pose>Unspecified</pose>
		<truncated>0</truncated>
		<difficult>0</difficult>
		<bndbox>
			<xmin>2490</xmin>
			<ymin>180</ymin>
			<xmax>2950</xmax>
			<ymax>850</ymax>
		</bndbox>
	</object>
	<object>
		<name>and</name>
		<pose>Unspecified</pose>
		<truncated>0</truncated>
		<difficult>0</difficult>
		<bndbox>
			<xmin>1024</xmin>
			<ymin>1129</ymin>
			<xmax>1468</xmax>
			<ymax>1721</ymax>
		</bndbox>
	</object>
</annotation>
