<annotation>
	<folder>images</folder>
	<filename>IMG_20200528_095821.jpg</filename>
	<path>/media/ubuntu/8F73-ECCC/dataset/images/IMG_20200528_095821.jpg</path>
	<source>
		<database>Unknown</database>
	</source>
	<size>
		<width>4000</width>
		<height>3000</height>
		<depth>3</depth>
	</size>
	<segmented>0</segmented>
	<object>
		<name>or</name>
		<pose>Unspecified</pose>
		<truncated>0</truncated>
		<difficult>0</difficult>
		<bndbox>
			<xmin>670</xmin>
			<ymin>343</ymin>
			<xmax>1527</xmax>
			<ymax>1240</ymax>
		</bndbox>
	</object>
	<object>
		<name>or</name>
		<pose>Unspecified</pose>
		<truncated>0</truncated>
		<difficult>0</difficult>
		<bndbox>
			<xmin>2227</xmin>
			<ymin>1390</ymin>
			<xmax>3180</xmax>
			<ymax>2223</ymax>
		</bndbox>
	</object>
</annotation>
