<annotation>
	<folder>images</folder>
	<filename>IMG_20200528_094643.jpg</filename>
	<path>/media/ubuntu/8F73-ECCC/dataset/images/IMG_20200528_094643.jpg</path>
	<source>
		<database>Unknown</database>
	</source>
	<size>
		<width>4000</width>
		<height>3000</height>
		<depth>3</depth>
	</size>
	<segmented>0</segmented>
	<object>
		<name>and</name>
		<pose>Unspecified</pose>
		<truncated>0</truncated>
		<difficult>0</difficult>
		<bndbox>
			<xmin>654</xmin>
			<ymin>1372</ymin>
			<xmax>1138</xmax>
			<ymax>2064</ymax>
		</bndbox>
	</object>
	<object>
		<name>and</name>
		<pose>Unspecified</pose>
		<truncated>0</truncated>
		<difficult>0</difficult>
		<bndbox>
			<xmin>2743</xmin>
			<ymin>420</ymin>
			<xmax>3280</xmax>
			<ymax>1110</ymax>
		</bndbox>
	</object>
	<object>
		<name>not</name>
		<pose>Unspecified</pose>
		<truncated>0</truncated>
		<difficult>0</difficult>
		<bndbox>
			<xmin>3270</xmin>
			<ymin>680</ymin>
			<xmax>3447</xmax>
			<ymax>873</ymax>
		</bndbox>
	</object>
</annotation>
