<annotation>
	<folder>images</folder>
	<filename>IMG_20200528_100553__01.jpg</filename>
	<path>/media/ubuntu/8F73-ECCC/dataset/images/IMG_20200528_100553__01.jpg</path>
	<source>
		<database>Unknown</database>
	</source>
	<size>
		<width>3809</width>
		<height>2540</height>
		<depth>3</depth>
	</size>
	<segmented>0</segmented>
	<object>
		<name>or</name>
		<pose>Unspecified</pose>
		<truncated>0</truncated>
		<difficult>0</difficult>
		<bndbox>
			<xmin>503</xmin>
			<ymin>241</ymin>
			<xmax>1330</xmax>
			<ymax>1057</ymax>
		</bndbox>
	</object>
	<object>
		<name>or</name>
		<pose>Unspecified</pose>
		<truncated>0</truncated>
		<difficult>0</difficult>
		<bndbox>
			<xmin>2334</xmin>
			<ymin>1010</ymin>
			<xmax>3246</xmax>
			<ymax>1885</ymax>
		</bndbox>
	</object>
</annotation>
