<annotation>
	<folder>images</folder>
	<filename>IMG_20200528_074614__02.jpg</filename>
	<path>/media/ubuntu/8F73-ECCC/dataset/images/IMG_20200528_074614__02.jpg</path>
	<source>
		<database>Unknown</database>
	</source>
	<size>
		<width>4000</width>
		<height>2718</height>
		<depth>3</depth>
	</size>
	<segmented>0</segmented>
	<object>
		<name>or</name>
		<pose>Unspecified</pose>
		<truncated>0</truncated>
		<difficult>0</difficult>
		<bndbox>
			<xmin>808</xmin>
			<ymin>1517</ymin>
			<xmax>1588</xmax>
			<ymax>2307</ymax>
		</bndbox>
	</object>
	<object>
		<name>not</name>
		<pose>Unspecified</pose>
		<truncated>0</truncated>
		<difficult>0</difficult>
		<bndbox>
			<xmin>1567</xmin>
			<ymin>1806</ymin>
			<xmax>1773</xmax>
			<ymax>2023</ymax>
		</bndbox>
	</object>
	<object>
		<name>and</name>
		<pose>Unspecified</pose>
		<truncated>0</truncated>
		<difficult>0</difficult>
		<bndbox>
			<xmin>2832</xmin>
			<ymin>399</ymin>
			<xmax>3475</xmax>
			<ymax>1256</ymax>
		</bndbox>
	</object>
</annotation>
