<annotation>
	<folder>images</folder>
	<filename>IMG_20200528_094846.jpg</filename>
	<path>/media/ubuntu/8F73-ECCC/dataset/images/IMG_20200528_094846.jpg</path>
	<source>
		<database>Unknown</database>
	</source>
	<size>
		<width>4000</width>
		<height>3000</height>
		<depth>3</depth>
	</size>
	<segmented>0</segmented>
	<object>
		<name>or</name>
		<pose>Unspecified</pose>
		<truncated>0</truncated>
		<difficult>0</difficult>
		<bndbox>
			<xmin>673</xmin>
			<ymin>637</ymin>
			<xmax>1623</xmax>
			<ymax>1543</ymax>
		</bndbox>
	</object>
	<object>
		<name>or</name>
		<pose>Unspecified</pose>
		<truncated>0</truncated>
		<difficult>0</difficult>
		<bndbox>
			<xmin>2337</xmin>
			<ymin>1360</ymin>
			<xmax>3187</xmax>
			<ymax>2193</ymax>
		</bndbox>
	</object>
</annotation>
