<annotation>
	<folder>images</folder>
	<filename>IMG_20200528_100636__01.jpg</filename>
	<path>/media/ubuntu/8F73-ECCC/dataset/images/IMG_20200528_100636__01.jpg</path>
	<source>
		<database>Unknown</database>
	</source>
	<size>
		<width>4000</width>
		<height>2514</height>
		<depth>3</depth>
	</size>
	<segmented>0</segmented>
	<object>
		<name>or</name>
		<pose>Unspecified</pose>
		<truncated>0</truncated>
		<difficult>0</difficult>
		<bndbox>
			<xmin>883</xmin>
			<ymin>1362</ymin>
			<xmax>1677</xmax>
			<ymax>2032</ymax>
		</bndbox>
	</object>
	<object>
		<name>or</name>
		<pose>Unspecified</pose>
		<truncated>0</truncated>
		<difficult>0</difficult>
		<bndbox>
			<xmin>2415</xmin>
			<ymin>408</ymin>
			<xmax>3248</xmax>
			<ymax>1112</ymax>
		</bndbox>
	</object>
</annotation>
