<annotation>
	<folder>images</folder>
	<filename>IMG_20200528_080106.jpg</filename>
	<path>/media/ubuntu/8F73-ECCC/dataset/images/IMG_20200528_080106.jpg</path>
	<source>
		<database>Unknown</database>
	</source>
	<size>
		<width>4000</width>
		<height>3000</height>
		<depth>3</depth>
	</size>
	<segmented>0</segmented>
	<object>
		<name>or</name>
		<pose>Unspecified</pose>
		<truncated>0</truncated>
		<difficult>0</difficult>
		<bndbox>
			<xmin>766</xmin>
			<ymin>538</ymin>
			<xmax>1878</xmax>
			<ymax>1466</ymax>
		</bndbox>
	</object>
	<object>
		<name>and</name>
		<pose>Unspecified</pose>
		<truncated>0</truncated>
		<difficult>0</difficult>
		<bndbox>
			<xmin>2935</xmin>
			<ymin>1761</ymin>
			<xmax>3504</xmax>
			<ymax>2616</ymax>
		</bndbox>
	</object>
</annotation>
