<annotation>
	<folder>images</folder>
	<filename>IMG_20200528_095041.jpg</filename>
	<path>/media/ubuntu/8F73-ECCC/dataset/images/IMG_20200528_095041.jpg</path>
	<source>
		<database>Unknown</database>
	</source>
	<size>
		<width>4000</width>
		<height>3000</height>
		<depth>3</depth>
	</size>
	<segmented>0</segmented>
	<object>
		<name>or</name>
		<pose>Unspecified</pose>
		<truncated>0</truncated>
		<difficult>0</difficult>
		<bndbox>
			<xmin>610</xmin>
			<ymin>740</ymin>
			<xmax>1535</xmax>
			<ymax>1555</ymax>
		</bndbox>
	</object>
	<object>
		<name>or</name>
		<pose>Unspecified</pose>
		<truncated>0</truncated>
		<difficult>0</difficult>
		<bndbox>
			<xmin>2440</xmin>
			<ymin>1618</ymin>
			<xmax>3360</xmax>
			<ymax>2394</ymax>
		</bndbox>
	</object>
</annotation>
