<annotation>
	<folder>images</folder>
	<filename>IMG_20200528_080056.jpg</filename>
	<path>/media/ubuntu/8F73-ECCC/dataset/images/IMG_20200528_080056.jpg</path>
	<source>
		<database>Unknown</database>
	</source>
	<size>
		<width>4000</width>
		<height>3000</height>
		<depth>3</depth>
	</size>
	<segmented>0</segmented>
	<object>
		<name>or</name>
		<pose>Unspecified</pose>
		<truncated>0</truncated>
		<difficult>0</difficult>
		<bndbox>
			<xmin>637</xmin>
			<ymin>495</ymin>
			<xmax>1400</xmax>
			<ymax>1312</ymax>
		</bndbox>
	</object>
	<object>
		<name>or</name>
		<pose>Unspecified</pose>
		<truncated>0</truncated>
		<difficult>0</difficult>
		<bndbox>
			<xmin>2440</xmin>
			<ymin>1570</ymin>
			<xmax>3344</xmax>
			<ymax>2466</ymax>
		</bndbox>
	</object>
</annotation>
