<annotation>
	<folder>images</folder>
	<filename>IMG_20200528_094522__01.jpg</filename>
	<path>/media/ubuntu/8F73-ECCC/dataset/images/IMG_20200528_094522__01.jpg</path>
	<source>
		<database>Unknown</database>
	</source>
	<size>
		<width>4000</width>
		<height>1973</height>
		<depth>3</depth>
	</size>
	<segmented>0</segmented>
	<object>
		<name>and</name>
		<pose>Unspecified</pose>
		<truncated>0</truncated>
		<difficult>0</difficult>
		<bndbox>
			<xmin>1218</xmin>
			<ymin>1199</ymin>
			<xmax>1590</xmax>
			<ymax>1731</ymax>
		</bndbox>
	</object>
	<object>
		<name>and</name>
		<pose>Unspecified</pose>
		<truncated>0</truncated>
		<difficult>0</difficult>
		<bndbox>
			<xmin>2474</xmin>
			<ymin>234</ymin>
			<xmax>2891</xmax>
			<ymax>836</ymax>
		</bndbox>
	</object>
	<object>
		<name>not</name>
		<pose>Unspecified</pose>
		<truncated>0</truncated>
		<difficult>0</difficult>
		<bndbox>
			<xmin>2884</xmin>
			<ymin>459</ymin>
			<xmax>3024</xmax>
			<ymax>626</ymax>
		</bndbox>
	</object>
</annotation>
