<annotation>
	<folder>images</folder>
	<filename>IMG_20200528_074639__01.jpg</filename>
	<path>/media/ubuntu/8F73-ECCC/dataset/images/IMG_20200528_074639__01.jpg</path>
	<source>
		<database>Unknown</database>
	</source>
	<size>
		<width>4000</width>
		<height>2399</height>
		<depth>3</depth>
	</size>
	<segmented>0</segmented>
	<object>
		<name>or</name>
		<pose>Unspecified</pose>
		<truncated>0</truncated>
		<difficult>0</difficult>
		<bndbox>
			<xmin>728</xmin>
			<ymin>1201</ymin>
			<xmax>1604</xmax>
			<ymax>1961</ymax>
		</bndbox>
	</object>
	<object>
		<name>and</name>
		<pose>Unspecified</pose>
		<truncated>0</truncated>
		<difficult>0</difficult>
		<bndbox>
			<xmin>2680</xmin>
			<ymin>117</ymin>
			<xmax>3190</xmax>
			<ymax>880</ymax>
		</bndbox>
	</object>
	<object>
		<name>not</name>
		<pose>Unspecified</pose>
		<truncated>0</truncated>
		<difficult>0</difficult>
		<bndbox>
			<xmin>3133</xmin>
			<ymin>353</ymin>
			<xmax>3297</xmax>
			<ymax>540</ymax>
		</bndbox>
	</object>
</annotation>
