<annotation>
	<folder>images</folder>
	<filename>IMG_20200528_095153.jpg</filename>
	<path>/media/ubuntu/8F73-ECCC/dataset/images/IMG_20200528_095153.jpg</path>
	<source>
		<database>Unknown</database>
	</source>
	<size>
		<width>4000</width>
		<height>3000</height>
		<depth>3</depth>
	</size>
	<segmented>0</segmented>
	<object>
		<name>or</name>
		<pose>Unspecified</pose>
		<truncated>0</truncated>
		<difficult>0</difficult>
		<bndbox>
			<xmin>1098</xmin>
			<ymin>1772</ymin>
			<xmax>2018</xmax>
			<ymax>2564</ymax>
		</bndbox>
	</object>
	<object>
		<name>or</name>
		<pose>Unspecified</pose>
		<truncated>0</truncated>
		<difficult>0</difficult>
		<bndbox>
			<xmin>2448</xmin>
			<ymin>612</ymin>
			<xmax>3236</xmax>
			<ymax>1400</ymax>
		</bndbox>
	</object>
</annotation>
