<annotation>
	<folder>images</folder>
	<filename>IMG_20200528_074524.jpg</filename>
	<path>/media/ubuntu/8F73-ECCC/dataset/images/IMG_20200528_074524.jpg</path>
	<source>
		<database>Unknown</database>
	</source>
	<size>
		<width>4000</width>
		<height>3000</height>
		<depth>3</depth>
	</size>
	<segmented>0</segmented>
	<object>
		<name>or</name>
		<pose>Unspecified</pose>
		<truncated>0</truncated>
		<difficult>0</difficult>
		<bndbox>
			<xmin>574</xmin>
			<ymin>1658</ymin>
			<xmax>1622</xmax>
			<ymax>2482</ymax>
		</bndbox>
	</object>
	<object>
		<name>and</name>
		<pose>Unspecified</pose>
		<truncated>0</truncated>
		<difficult>0</difficult>
		<bndbox>
			<xmin>2710</xmin>
			<ymin>383</ymin>
			<xmax>3375</xmax>
			<ymax>1258</ymax>
		</bndbox>
	</object>
</annotation>
