<annotation>
	<folder>images</folder>
	<filename>IMG_20200528_080037.jpg</filename>
	<path>/media/ubuntu/8F73-ECCC/dataset/images/IMG_20200528_080037.jpg</path>
	<source>
		<database>Unknown</database>
	</source>
	<size>
		<width>4000</width>
		<height>3000</height>
		<depth>3</depth>
	</size>
	<segmented>0</segmented>
	<object>
		<name>and</name>
		<pose>Unspecified</pose>
		<truncated>0</truncated>
		<difficult>0</difficult>
		<bndbox>
			<xmin>1278</xmin>
			<ymin>384</ymin>
			<xmax>1814</xmax>
			<ymax>1280</ymax>
		</bndbox>
	</object>
	<object>
		<name>and</name>
		<pose>Unspecified</pose>
		<truncated>0</truncated>
		<difficult>0</difficult>
		<bndbox>
			<xmin>2474</xmin>
			<ymin>1510</ymin>
			<xmax>3034</xmax>
			<ymax>2390</ymax>
		</bndbox>
	</object>
</annotation>
