<annotation>
	<folder>images</folder>
	<filename>IMG_20200528_095230.jpg</filename>
	<path>/media/ubuntu/8F73-ECCC/dataset/images/IMG_20200528_095230.jpg</path>
	<source>
		<database>Unknown</database>
	</source>
	<size>
		<width>4000</width>
		<height>3000</height>
		<depth>3</depth>
	</size>
	<segmented>0</segmented>
	<object>
		<name>or</name>
		<pose>Unspecified</pose>
		<truncated>0</truncated>
		<difficult>0</difficult>
		<bndbox>
			<xmin>643</xmin>
			<ymin>313</ymin>
			<xmax>1593</xmax>
			<ymax>1163</ymax>
		</bndbox>
	</object>
	<object>
		<name>or</name>
		<pose>Unspecified</pose>
		<truncated>0</truncated>
		<difficult>0</difficult>
		<bndbox>
			<xmin>2704</xmin>
			<ymin>1558</ymin>
			<xmax>3500</xmax>
			<ymax>2398</ymax>
		</bndbox>
	</object>
</annotation>
