<annotation>
	<folder>images</folder>
	<filename>IMG_20200528_080005__01.jpg</filename>
	<path>/media/ubuntu/8F73-ECCC/dataset/images/IMG_20200528_080005__01.jpg</path>
	<source>
		<database>Unknown</database>
	</source>
	<size>
		<width>4000</width>
		<height>2806</height>
		<depth>3</depth>
	</size>
	<segmented>0</segmented>
	<object>
		<name>and</name>
		<pose>Unspecified</pose>
		<truncated>0</truncated>
		<difficult>0</difficult>
		<bndbox>
			<xmin>784</xmin>
			<ymin>463</ymin>
			<xmax>1259</xmax>
			<ymax>1231</ymax>
		</bndbox>
	</object>
	<object>
		<name>and</name>
		<pose>Unspecified</pose>
		<truncated>0</truncated>
		<difficult>0</difficult>
		<bndbox>
			<xmin>2327</xmin>
			<ymin>1474</ymin>
			<xmax>2883</xmax>
			<ymax>2294</ymax>
		</bndbox>
	</object>
	<object>
		<name>not</name>
		<pose>Unspecified</pose>
		<truncated>0</truncated>
		<difficult>0</difficult>
		<bndbox>
			<xmin>2850</xmin>
			<ymin>1771</ymin>
			<xmax>3050</xmax>
			<ymax>2004</ymax>
		</bndbox>
	</object>
</annotation>
