<annotation>
	<folder>images</folder>
	<filename>IMG_20200528_075023.jpg</filename>
	<path>/media/ubuntu/8F73-ECCC/dataset/images/IMG_20200528_075023.jpg</path>
	<source>
		<database>Unknown</database>
	</source>
	<size>
		<width>4000</width>
		<height>3000</height>
		<depth>3</depth>
	</size>
	<segmented>0</segmented>
	<object>
		<name>and</name>
		<pose>Unspecified</pose>
		<truncated>0</truncated>
		<difficult>0</difficult>
		<bndbox>
			<xmin>832</xmin>
			<ymin>622</ymin>
			<xmax>1352</xmax>
			<ymax>1402</ymax>
		</bndbox>
	</object>
	<object>
		<name>not</name>
		<pose>Unspecified</pose>
		<truncated>0</truncated>
		<difficult>0</difficult>
		<bndbox>
			<xmin>1332</xmin>
			<ymin>862</ymin>
			<xmax>1552</xmax>
			<ymax>1078</ymax>
		</bndbox>
	</object>
	<object>
		<name>or</name>
		<pose>Unspecified</pose>
		<truncated>0</truncated>
		<difficult>0</difficult>
		<bndbox>
			<xmin>2252</xmin>
			<ymin>1716</ymin>
			<xmax>3084</xmax>
			<ymax>2484</ymax>
		</bndbox>
	</object>
</annotation>
