<annotation>
	<folder>images</folder>
	<filename>IMG_20200528_081933__01.jpg</filename>
	<path>/media/ubuntu/8F73-ECCC/dataset/images/IMG_20200528_081933__01.jpg</path>
	<source>
		<database>Unknown</database>
	</source>
	<size>
		<width>3979</width>
		<height>2732</height>
		<depth>3</depth>
	</size>
	<segmented>0</segmented>
	<object>
		<name>and</name>
		<pose>Unspecified</pose>
		<truncated>0</truncated>
		<difficult>0</difficult>
		<bndbox>
			<xmin>875</xmin>
			<ymin>686</ymin>
			<xmax>1467</xmax>
			<ymax>1510</ymax>
		</bndbox>
	</object>
	<object>
		<name>not</name>
		<pose>Unspecified</pose>
		<truncated>0</truncated>
		<difficult>0</difficult>
		<bndbox>
			<xmin>1463</xmin>
			<ymin>966</ymin>
			<xmax>1611</xmax>
			<ymax>1186</ymax>
		</bndbox>
	</object>
	<object>
		<name>and</name>
		<pose>Unspecified</pose>
		<truncated>0</truncated>
		<difficult>0</difficult>
		<bndbox>
			<xmin>2580</xmin>
			<ymin>1478</ymin>
			<xmax>3177</xmax>
			<ymax>2275</ymax>
		</bndbox>
	</object>
</annotation>
