<annotation>
	<folder>images</folder>
	<filename>IMG_20200528_100208.jpg</filename>
	<path>/media/ubuntu/8F73-ECCC/dataset/images/IMG_20200528_100208.jpg</path>
	<source>
		<database>Unknown</database>
	</source>
	<size>
		<width>4000</width>
		<height>3000</height>
		<depth>3</depth>
	</size>
	<segmented>0</segmented>
	<object>
		<name>or</name>
		<pose>Unspecified</pose>
		<truncated>0</truncated>
		<difficult>0</difficult>
		<bndbox>
			<xmin>995</xmin>
			<ymin>1653</ymin>
			<xmax>1795</xmax>
			<ymax>2413</ymax>
		</bndbox>
	</object>
	<object>
		<name>or</name>
		<pose>Unspecified</pose>
		<truncated>0</truncated>
		<difficult>0</difficult>
		<bndbox>
			<xmin>2292</xmin>
			<ymin>465</ymin>
			<xmax>3235</xmax>
			<ymax>1222</ymax>
		</bndbox>
	</object>
</annotation>
