<annotation>
	<folder>images</folder>
	<filename>IMG_20200528_100513.jpg</filename>
	<path>/media/ubuntu/8F73-ECCC/dataset/images/IMG_20200528_100513.jpg</path>
	<source>
		<database>Unknown</database>
	</source>
	<size>
		<width>4000</width>
		<height>3000</height>
		<depth>3</depth>
	</size>
	<segmented>0</segmented>
	<object>
		<name>or</name>
		<pose>Unspecified</pose>
		<truncated>0</truncated>
		<difficult>0</difficult>
		<bndbox>
			<xmin>508</xmin>
			<ymin>1660</ymin>
			<xmax>1300</xmax>
			<ymax>2412</ymax>
		</bndbox>
	</object>
	<object>
		<name>or</name>
		<pose>Unspecified</pose>
		<truncated>0</truncated>
		<difficult>0</difficult>
		<bndbox>
			<xmin>2646</xmin>
			<ymin>624</ymin>
			<xmax>3483</xmax>
			<ymax>1325</ymax>
		</bndbox>
	</object>
</annotation>
