<annotation>
	<folder>images</folder>
	<filename>IMG_20200528_095050.jpg</filename>
	<path>/media/ubuntu/8F73-ECCC/dataset/images/IMG_20200528_095050.jpg</path>
	<source>
		<database>Unknown</database>
	</source>
	<size>
		<width>4000</width>
		<height>3000</height>
		<depth>3</depth>
	</size>
	<segmented>0</segmented>
	<object>
		<name>or</name>
		<pose>Unspecified</pose>
		<truncated>0</truncated>
		<difficult>0</difficult>
		<bndbox>
			<xmin>950</xmin>
			<ymin>582</ymin>
			<xmax>1834</xmax>
			<ymax>1430</ymax>
		</bndbox>
	</object>
	<object>
		<name>and</name>
		<pose>Unspecified</pose>
		<truncated>0</truncated>
		<difficult>0</difficult>
		<bndbox>
			<xmin>2815</xmin>
			<ymin>1618</ymin>
			<xmax>3365</xmax>
			<ymax>2308</ymax>
		</bndbox>
	</object>
</annotation>
