<annotation>
	<folder>images</folder>
	<filename>IMG_20200528_100509.jpg</filename>
	<path>/media/ubuntu/8F73-ECCC/dataset/images/IMG_20200528_100509.jpg</path>
	<source>
		<database>Unknown</database>
	</source>
	<size>
		<width>4000</width>
		<height>3000</height>
		<depth>3</depth>
	</size>
	<segmented>0</segmented>
	<object>
		<name>or</name>
		<pose>Unspecified</pose>
		<truncated>0</truncated>
		<difficult>0</difficult>
		<bndbox>
			<xmin>346</xmin>
			<ymin>1608</ymin>
			<xmax>1222</xmax>
			<ymax>2380</ymax>
		</bndbox>
	</object>
	<object>
		<name>or</name>
		<pose>Unspecified</pose>
		<truncated>0</truncated>
		<difficult>0</difficult>
		<bndbox>
			<xmin>2386</xmin>
			<ymin>409</ymin>
			<xmax>3217</xmax>
			<ymax>1194</ymax>
		</bndbox>
	</object>
</annotation>
