<annotation>
	<folder>images</folder>
	<filename>IMG_20200528_081652__01.jpg</filename>
	<path>/media/ubuntu/8F73-ECCC/dataset/images/IMG_20200528_081652__01.jpg</path>
	<source>
		<database>Unknown</database>
	</source>
	<size>
		<width>4000</width>
		<height>2928</height>
		<depth>3</depth>
	</size>
	<segmented>0</segmented>
	<object>
		<name>and</name>
		<pose>Unspecified</pose>
		<truncated>0</truncated>
		<difficult>0</difficult>
		<bndbox>
			<xmin>922</xmin>
			<ymin>580</ymin>
			<xmax>1424</xmax>
			<ymax>1273</ymax>
		</bndbox>
	</object>
	<object>
		<name>and</name>
		<pose>Unspecified</pose>
		<truncated>0</truncated>
		<difficult>0</difficult>
		<bndbox>
			<xmin>2338</xmin>
			<ymin>1354</ymin>
			<xmax>2818</xmax>
			<ymax>2050</ymax>
		</bndbox>
	</object>
</annotation>
