<annotation>
	<folder>images</folder>
	<filename>IMG_20200528_075019.jpg</filename>
	<path>/media/ubuntu/8F73-ECCC/dataset/images/IMG_20200528_075019.jpg</path>
	<source>
		<database>Unknown</database>
	</source>
	<size>
		<width>4000</width>
		<height>3000</height>
		<depth>3</depth>
	</size>
	<segmented>0</segmented>
	<object>
		<name>and</name>
		<pose>Unspecified</pose>
		<truncated>0</truncated>
		<difficult>0</difficult>
		<bndbox>
			<xmin>2420</xmin>
			<ymin>545</ymin>
			<xmax>2917</xmax>
			<ymax>1305</ymax>
		</bndbox>
	</object>
	<object>
		<name>not</name>
		<pose>Unspecified</pose>
		<truncated>0</truncated>
		<difficult>0</difficult>
		<bndbox>
			<xmin>2917</xmin>
			<ymin>828</ymin>
			<xmax>3087</xmax>
			<ymax>1035</ymax>
		</bndbox>
	</object>
	<object>
		<name>or</name>
		<pose>Unspecified</pose>
		<truncated>0</truncated>
		<difficult>0</difficult>
		<bndbox>
			<xmin>627</xmin>
			<ymin>1810</ymin>
			<xmax>1373</xmax>
			<ymax>2559</ymax>
		</bndbox>
	</object>
</annotation>
