<annotation>
	<folder>images</folder>
	<filename>IMG_20200528_100056.jpg</filename>
	<path>/media/ubuntu/8F73-ECCC/dataset/images/IMG_20200528_100056.jpg</path>
	<source>
		<database>Unknown</database>
	</source>
	<size>
		<width>4000</width>
		<height>3000</height>
		<depth>3</depth>
	</size>
	<segmented>0</segmented>
	<object>
		<name>or</name>
		<pose>Unspecified</pose>
		<truncated>0</truncated>
		<difficult>0</difficult>
		<bndbox>
			<xmin>795</xmin>
			<ymin>578</ymin>
			<xmax>1600</xmax>
			<ymax>1328</ymax>
		</bndbox>
	</object>
	<object>
		<name>or</name>
		<pose>Unspecified</pose>
		<truncated>0</truncated>
		<difficult>0</difficult>
		<bndbox>
			<xmin>2333</xmin>
			<ymin>1558</ymin>
			<xmax>3210</xmax>
			<ymax>2312</ymax>
		</bndbox>
	</object>
</annotation>
