<annotation>
	<folder>images</folder>
	<filename>IMG_20200528_075840__01.jpg</filename>
	<path>/media/ubuntu/8F73-ECCC/dataset/images/IMG_20200528_075840__01.jpg</path>
	<source>
		<database>Unknown</database>
	</source>
	<size>
		<width>4000</width>
		<height>2821</height>
		<depth>3</depth>
	</size>
	<segmented>0</segmented>
	<object>
		<name>and</name>
		<pose>Unspecified</pose>
		<truncated>0</truncated>
		<difficult>0</difficult>
		<bndbox>
			<xmin>739</xmin>
			<ymin>1909</ymin>
			<xmax>1181</xmax>
			<ymax>2632</ymax>
		</bndbox>
	</object>
	<object>
		<name>and</name>
		<pose>Unspecified</pose>
		<truncated>0</truncated>
		<difficult>0</difficult>
		<bndbox>
			<xmin>2734</xmin>
			<ymin>601</ymin>
			<xmax>3214</xmax>
			<ymax>1317</ymax>
		</bndbox>
	</object>
	<object>
		<name>not</name>
		<pose>Unspecified</pose>
		<truncated>0</truncated>
		<difficult>0</difficult>
		<bndbox>
			<xmin>3194</xmin>
			<ymin>884</ymin>
			<xmax>3364</xmax>
			<ymax>1052</ymax>
		</bndbox>
	</object>
</annotation>
