<annotation>
	<folder>images</folder>
	<filename>IMG_20200528_095046.jpg</filename>
	<path>/media/ubuntu/8F73-ECCC/dataset/images/IMG_20200528_095046.jpg</path>
	<source>
		<database>Unknown</database>
	</source>
	<size>
		<width>4000</width>
		<height>3000</height>
		<depth>3</depth>
	</size>
	<segmented>0</segmented>
	<object>
		<name>or</name>
		<pose>Unspecified</pose>
		<truncated>0</truncated>
		<difficult>0</difficult>
		<bndbox>
			<xmin>598</xmin>
			<ymin>503</ymin>
			<xmax>1495</xmax>
			<ymax>1297</ymax>
		</bndbox>
	</object>
	<object>
		<name>or</name>
		<pose>Unspecified</pose>
		<truncated>0</truncated>
		<difficult>0</difficult>
		<bndbox>
			<xmin>2314</xmin>
			<ymin>1450</ymin>
			<xmax>3246</xmax>
			<ymax>2222</ymax>
		</bndbox>
	</object>
</annotation>
