<annotation>
	<folder>images</folder>
	<filename>IMG_20200528_074824__01__01.jpg</filename>
	<path>/media/ubuntu/8F73-ECCC/dataset/images/IMG_20200528_074824__01__01.jpg</path>
	<source>
		<database>Unknown</database>
	</source>
	<size>
		<width>3584</width>
		<height>2512</height>
		<depth>3</depth>
	</size>
	<segmented>0</segmented>
	<object>
		<name>and</name>
		<pose>Unspecified</pose>
		<truncated>1</truncated>
		<difficult>0</difficult>
		<bndbox>
			<xmin>646</xmin>
			<ymin>1675</ymin>
			<xmax>1249</xmax>
			<ymax>2512</ymax>
		</bndbox>
	</object>
	<object>
		<name>or</name>
		<pose>Unspecified</pose>
		<truncated>0</truncated>
		<difficult>0</difficult>
		<bndbox>
			<xmin>2135</xmin>
			<ymin>392</ymin>
			<xmax>3014</xmax>
			<ymax>1215</ymax>
		</bndbox>
	</object>
	<object>
		<name>not</name>
		<pose>Unspecified</pose>
		<truncated>0</truncated>
		<difficult>0</difficult>
		<bndbox>
			<xmin>3014</xmin>
			<ymin>694</ymin>
			<xmax>3214</xmax>
			<ymax>940</ymax>
		</bndbox>
	</object>
</annotation>
