<annotation>
	<folder>images</folder>
	<filename>IMG_20200528_082001__01.jpg</filename>
	<path>/media/ubuntu/8F73-ECCC/dataset/images/IMG_20200528_082001__01.jpg</path>
	<source>
		<database>Unknown</database>
	</source>
	<size>
		<width>3987</width>
		<height>2689</height>
		<depth>3</depth>
	</size>
	<segmented>0</segmented>
	<object>
		<name>and</name>
		<pose>Unspecified</pose>
		<truncated>0</truncated>
		<difficult>0</difficult>
		<bndbox>
			<xmin>902</xmin>
			<ymin>604</ymin>
			<xmax>1492</xmax>
			<ymax>1284</ymax>
		</bndbox>
	</object>
	<object>
		<name>and</name>
		<pose>Unspecified</pose>
		<truncated>0</truncated>
		<difficult>0</difficult>
		<bndbox>
			<xmin>2532</xmin>
			<ymin>1600</ymin>
			<xmax>3067</xmax>
			<ymax>2315</ymax>
		</bndbox>
	</object>
</annotation>
