<annotation>
	<folder>images</folder>
	<filename>IMG_20200528_080341__01.jpg</filename>
	<path>/media/ubuntu/8F73-ECCC/dataset/images/IMG_20200528_080341__01.jpg</path>
	<source>
		<database>Unknown</database>
	</source>
	<size>
		<width>3983</width>
		<height>2020</height>
		<depth>3</depth>
	</size>
	<segmented>0</segmented>
	<object>
		<name>and</name>
		<pose>Unspecified</pose>
		<truncated>0</truncated>
		<difficult>0</difficult>
		<bndbox>
			<xmin>845</xmin>
			<ymin>1098</ymin>
			<xmax>1301</xmax>
			<ymax>1722</ymax>
		</bndbox>
	</object>
	<object>
		<name>or</name>
		<pose>Unspecified</pose>
		<truncated>0</truncated>
		<difficult>0</difficult>
		<bndbox>
			<xmin>2369</xmin>
			<ymin>270</ymin>
			<xmax>3173</xmax>
			<ymax>902</ymax>
		</bndbox>
	</object>
</annotation>
