<annotation>
	<folder>images</folder>
	<filename>IMG_20200528_081900__01.jpg</filename>
	<path>/media/ubuntu/8F73-ECCC/dataset/images/IMG_20200528_081900__01.jpg</path>
	<source>
		<database>Unknown</database>
	</source>
	<size>
		<width>4000</width>
		<height>2915</height>
		<depth>3</depth>
	</size>
	<segmented>0</segmented>
	<object>
		<name>and</name>
		<pose>Unspecified</pose>
		<truncated>0</truncated>
		<difficult>0</difficult>
		<bndbox>
			<xmin>693</xmin>
			<ymin>699</ymin>
			<xmax>1293</xmax>
			<ymax>1459</ymax>
		</bndbox>
	</object>
	<object>
		<name>not</name>
		<pose>Unspecified</pose>
		<truncated>0</truncated>
		<difficult>0</difficult>
		<bndbox>
			<xmin>1264</xmin>
			<ymin>925</ymin>
			<xmax>1484</xmax>
			<ymax>1168</ymax>
		</bndbox>
	</object>
	<object>
		<name>and</name>
		<pose>Unspecified</pose>
		<truncated>0</truncated>
		<difficult>0</difficult>
		<bndbox>
			<xmin>2302</xmin>
			<ymin>1563</ymin>
			<xmax>2814</xmax>
			<ymax>2223</ymax>
		</bndbox>
	</object>
</annotation>
