<annotation>
	<folder>images</folder>
	<filename>IMG_20200528_080320__01.jpg</filename>
	<path>/media/ubuntu/8F73-ECCC/dataset/images/IMG_20200528_080320__01.jpg</path>
	<source>
		<database>Unknown</database>
	</source>
	<size>
		<width>3910</width>
		<height>2331</height>
		<depth>3</depth>
	</size>
	<segmented>0</segmented>
	<object>
		<name>and</name>
		<pose>Unspecified</pose>
		<truncated>0</truncated>
		<difficult>0</difficult>
		<bndbox>
			<xmin>861</xmin>
			<ymin>321</ymin>
			<xmax>1349</xmax>
			<ymax>1033</ymax>
		</bndbox>
	</object>
	<object>
		<name>not</name>
		<pose>Unspecified</pose>
		<truncated>0</truncated>
		<difficult>0</difficult>
		<bndbox>
			<xmin>1315</xmin>
			<ymin>555</ymin>
			<xmax>1471</xmax>
			<ymax>779</ymax>
		</bndbox>
	</object>
	<object>
		<name>or</name>
		<pose>Unspecified</pose>
		<truncated>0</truncated>
		<difficult>0</difficult>
		<bndbox>
			<xmin>2173</xmin>
			<ymin>1255</ymin>
			<xmax>3041</xmax>
			<ymax>2021</ymax>
		</bndbox>
	</object>
</annotation>
