<annotation>
	<folder>images</folder>
	<filename>IMG_20200528_072846.jpg</filename>
	<path>/media/ubuntu/8F73-ECCC/dataset/images/IMG_20200528_072846.jpg</path>
	<source>
		<database>Unknown</database>
	</source>
	<size>
		<width>4000</width>
		<height>3000</height>
		<depth>3</depth>
	</size>
	<segmented>0</segmented>
	<object>
		<name>and</name>
		<pose>Unspecified</pose>
		<truncated>0</truncated>
		<difficult>0</difficult>
		<bndbox>
			<xmin>2792</xmin>
			<ymin>245</ymin>
			<xmax>3382</xmax>
			<ymax>1145</ymax>
		</bndbox>
	</object>
	<object>
		<name>or</name>
		<pose>Unspecified</pose>
		<truncated>0</truncated>
		<difficult>0</difficult>
		<bndbox>
			<xmin>452</xmin>
			<ymin>1635</ymin>
			<xmax>1432</xmax>
			<ymax>2455</ymax>
		</bndbox>
	</object>
</annotation>
