<annotation>
	<folder>images</folder>
	<filename>IMG_20200528_095931.jpg</filename>
	<path>/media/ubuntu/8F73-ECCC/dataset/images/IMG_20200528_095931.jpg</path>
	<source>
		<database>Unknown</database>
	</source>
	<size>
		<width>4000</width>
		<height>3000</height>
		<depth>3</depth>
	</size>
	<segmented>0</segmented>
	<object>
		<name>or</name>
		<pose>Unspecified</pose>
		<truncated>0</truncated>
		<difficult>0</difficult>
		<bndbox>
			<xmin>704</xmin>
			<ymin>510</ymin>
			<xmax>1676</xmax>
			<ymax>1266</ymax>
		</bndbox>
	</object>
	<object>
		<name>or</name>
		<pose>Unspecified</pose>
		<truncated>0</truncated>
		<difficult>0</difficult>
		<bndbox>
			<xmin>2476</xmin>
			<ymin>1744</ymin>
			<xmax>3340</xmax>
			<ymax>2540</ymax>
		</bndbox>
	</object>
</annotation>
