<annotation>
	<folder>images</folder>
	<filename>IMG_20200528_082110__01.jpg</filename>
	<path>/media/ubuntu/8F73-ECCC/dataset/images/IMG_20200528_082110__01.jpg</path>
	<source>
		<database>Unknown</database>
	</source>
	<size>
		<width>3991</width>
		<height>2864</height>
		<depth>3</depth>
	</size>
	<segmented>0</segmented>
	<object>
		<name>and</name>
		<pose>Unspecified</pose>
		<truncated>0</truncated>
		<difficult>0</difficult>
		<bndbox>
			<xmin>1245</xmin>
			<ymin>524</ymin>
			<xmax>1745</xmax>
			<ymax>1240</ymax>
		</bndbox>
	</object>
	<object>
		<name>not</name>
		<pose>Unspecified</pose>
		<truncated>0</truncated>
		<difficult>0</difficult>
		<bndbox>
			<xmin>1697</xmin>
			<ymin>772</ymin>
			<xmax>1905</xmax>
			<ymax>1004</ymax>
		</bndbox>
	</object>
	<object>
		<name>and</name>
		<pose>Unspecified</pose>
		<truncated>0</truncated>
		<difficult>0</difficult>
		<bndbox>
			<xmin>2655</xmin>
			<ymin>1404</ymin>
			<xmax>3143</xmax>
			<ymax>2128</ymax>
		</bndbox>
	</object>
</annotation>
