<annotation>
	<folder>images</folder>
	<filename>IMG_20200528_095853__01.jpg</filename>
	<path>/media/ubuntu/8F73-ECCC/dataset/images/IMG_20200528_095853__01.jpg</path>
	<source>
		<database>Unknown</database>
	</source>
	<size>
		<width>4000</width>
		<height>2246</height>
		<depth>3</depth>
	</size>
	<segmented>0</segmented>
	<object>
		<name>or</name>
		<pose>Unspecified</pose>
		<truncated>0</truncated>
		<difficult>0</difficult>
		<bndbox>
			<xmin>635</xmin>
			<ymin>1183</ymin>
			<xmax>1470</xmax>
			<ymax>1853</ymax>
		</bndbox>
	</object>
	<object>
		<name>or</name>
		<pose>Unspecified</pose>
		<truncated>0</truncated>
		<difficult>0</difficult>
		<bndbox>
			<xmin>2517</xmin>
			<ymin>191</ymin>
			<xmax>3317</xmax>
			<ymax>894</ymax>
		</bndbox>
	</object>
</annotation>
