<annotation>
	<folder>images</folder>
	<filename>IMG_20200528_072931.jpg</filename>
	<path>/media/ubuntu/8F73-ECCC/dataset/images/IMG_20200528_072931.jpg</path>
	<source>
		<database>Unknown</database>
	</source>
	<size>
		<width>4000</width>
		<height>3000</height>
		<depth>3</depth>
	</size>
	<segmented>0</segmented>
	<object>
		<name>or</name>
		<pose>Unspecified</pose>
		<truncated>0</truncated>
		<difficult>0</difficult>
		<bndbox>
			<xmin>2588</xmin>
			<ymin>358</ymin>
			<xmax>3492</xmax>
			<ymax>1214</ymax>
		</bndbox>
	</object>
	<object>
		<name>not</name>
		<pose>Unspecified</pose>
		<truncated>0</truncated>
		<difficult>0</difficult>
		<bndbox>
			<xmin>3420</xmin>
			<ymin>678</ymin>
			<xmax>3676</xmax>
			<ymax>954</ymax>
		</bndbox>
	</object>
	<object>
		<name>and</name>
		<pose>Unspecified</pose>
		<truncated>0</truncated>
		<difficult>0</difficult>
		<bndbox>
			<xmin>661</xmin>
			<ymin>1681</ymin>
			<xmax>1259</xmax>
			<ymax>2510</ymax>
		</bndbox>
	</object>
</annotation>
