<annotation>
	<folder>images</folder>
	<filename>IMG_20200528_074644__01.jpg</filename>
	<path>/media/ubuntu/8F73-ECCC/dataset/images/IMG_20200528_074644__01.jpg</path>
	<source>
		<database>Unknown</database>
	</source>
	<size>
		<width>4000</width>
		<height>2403</height>
		<depth>3</depth>
	</size>
	<segmented>0</segmented>
	<object>
		<name>or</name>
		<pose>Unspecified</pose>
		<truncated>0</truncated>
		<difficult>0</difficult>
		<bndbox>
			<xmin>717</xmin>
			<ymin>1397</ymin>
			<xmax>1630</xmax>
			<ymax>2244</ymax>
		</bndbox>
	</object>
	<object>
		<name>and</name>
		<pose>Unspecified</pose>
		<truncated>0</truncated>
		<difficult>0</difficult>
		<bndbox>
			<xmin>2709</xmin>
			<ymin>253</ymin>
			<xmax>3214</xmax>
			<ymax>1059</ymax>
		</bndbox>
	</object>
</annotation>
