<annotation>
	<folder>images</folder>
	<filename>IMG_20200528_095951.jpg</filename>
	<path>/media/ubuntu/8F73-ECCC/dataset/images/IMG_20200528_095951.jpg</path>
	<source>
		<database>Unknown</database>
	</source>
	<size>
		<width>4000</width>
		<height>3000</height>
		<depth>3</depth>
	</size>
	<segmented>0</segmented>
	<object>
		<name>or</name>
		<pose>Unspecified</pose>
		<truncated>0</truncated>
		<difficult>0</difficult>
		<bndbox>
			<xmin>498</xmin>
			<ymin>540</ymin>
			<xmax>1258</xmax>
			<ymax>1292</ymax>
		</bndbox>
	</object>
	<object>
		<name>or</name>
		<pose>Unspecified</pose>
		<truncated>0</truncated>
		<difficult>0</difficult>
		<bndbox>
			<xmin>2230</xmin>
			<ymin>1498</ymin>
			<xmax>3170</xmax>
			<ymax>2348</ymax>
		</bndbox>
	</object>
</annotation>
