<annotation>
	<folder>images</folder>
	<filename>IMG_20200528_074408__01.jpg</filename>
	<path>/media/ubuntu/8F73-ECCC/dataset/images/IMG_20200528_074408__01.jpg</path>
	<source>
		<database>Unknown</database>
	</source>
	<size>
		<width>3628</width>
		<height>2520</height>
		<depth>3</depth>
	</size>
	<segmented>0</segmented>
	<object>
		<name>and</name>
		<pose>Unspecified</pose>
		<truncated>0</truncated>
		<difficult>0</difficult>
		<bndbox>
			<xmin>1209</xmin>
			<ymin>198</ymin>
			<xmax>1770</xmax>
			<ymax>1069</ymax>
		</bndbox>
	</object>
	<object>
		<name>or</name>
		<pose>Unspecified</pose>
		<truncated>0</truncated>
		<difficult>0</difficult>
		<bndbox>
			<xmin>2392</xmin>
			<ymin>1219</ymin>
			<xmax>3217</xmax>
			<ymax>2028</ymax>
		</bndbox>
	</object>
</annotation>
