<annotation>
	<folder>images</folder>
	<filename>IMG_20200528_081946.jpg</filename>
	<path>/media/ubuntu/8F73-ECCC/dataset/images/IMG_20200528_081946.jpg</path>
	<source>
		<database>Unknown</database>
	</source>
	<size>
		<width>4000</width>
		<height>3000</height>
		<depth>3</depth>
	</size>
	<segmented>0</segmented>
	<object>
		<name>and</name>
		<pose>Unspecified</pose>
		<truncated>0</truncated>
		<difficult>0</difficult>
		<bndbox>
			<xmin>652</xmin>
			<ymin>696</ymin>
			<xmax>1264</xmax>
			<ymax>1432</ymax>
		</bndbox>
	</object>
	<object>
		<name>and</name>
		<pose>Unspecified</pose>
		<truncated>0</truncated>
		<difficult>0</difficult>
		<bndbox>
			<xmin>2305</xmin>
			<ymin>1567</ymin>
			<xmax>2922</xmax>
			<ymax>2310</ymax>
		</bndbox>
	</object>
	<object>
		<name>not</name>
		<pose>Unspecified</pose>
		<truncated>0</truncated>
		<difficult>0</difficult>
		<bndbox>
			<xmin>2868</xmin>
			<ymin>1820</ymin>
			<xmax>3058</xmax>
			<ymax>2037</ymax>
		</bndbox>
	</object>
</annotation>
