<annotation>
	<folder>images</folder>
	<filename>IMG_20200528_081839.jpg</filename>
	<path>/media/ubuntu/8F73-ECCC/dataset/images/IMG_20200528_081839.jpg</path>
	<source>
		<database>Unknown</database>
	</source>
	<size>
		<width>4000</width>
		<height>3000</height>
		<depth>3</depth>
	</size>
	<segmented>0</segmented>
	<object>
		<name>and</name>
		<pose>Unspecified</pose>
		<truncated>0</truncated>
		<difficult>0</difficult>
		<bndbox>
			<xmin>1168</xmin>
			<ymin>656</ymin>
			<xmax>1668</xmax>
			<ymax>1360</ymax>
		</bndbox>
	</object>
	<object>
		<name>and</name>
		<pose>Unspecified</pose>
		<truncated>0</truncated>
		<difficult>0</difficult>
		<bndbox>
			<xmin>2366</xmin>
			<ymin>1654</ymin>
			<xmax>2814</xmax>
			<ymax>2342</ymax>
		</bndbox>
	</object>
</annotation>
