<annotation>
	<folder>images</folder>
	<filename>IMG_20200528_094553__01.jpg</filename>
	<path>/media/ubuntu/8F73-ECCC/dataset/images/IMG_20200528_094553__01.jpg</path>
	<source>
		<database>Unknown</database>
	</source>
	<size>
		<width>3796</width>
		<height>2598</height>
		<depth>3</depth>
	</size>
	<segmented>0</segmented>
	<object>
		<name>and</name>
		<pose>Unspecified</pose>
		<truncated>0</truncated>
		<difficult>0</difficult>
		<bndbox>
			<xmin>556</xmin>
			<ymin>1497</ymin>
			<xmax>1124</xmax>
			<ymax>2230</ymax>
		</bndbox>
	</object>
	<object>
		<name>and</name>
		<pose>Unspecified</pose>
		<truncated>0</truncated>
		<difficult>0</difficult>
		<bndbox>
			<xmin>2425</xmin>
			<ymin>265</ymin>
			<xmax>3025</xmax>
			<ymax>1130</ymax>
		</bndbox>
	</object>
	<object>
		<name>not</name>
		<pose>Unspecified</pose>
		<truncated>0</truncated>
		<difficult>0</difficult>
		<bndbox>
			<xmin>3013</xmin>
			<ymin>548</ymin>
			<xmax>3255</xmax>
			<ymax>798</ymax>
		</bndbox>
	</object>
</annotation>
