<annotation>
	<folder>images</folder>
	<filename>IMG_20200528_082037__01.jpg</filename>
	<path>/media/ubuntu/8F73-ECCC/dataset/images/IMG_20200528_082037__01.jpg</path>
	<source>
		<database>Unknown</database>
	</source>
	<size>
		<width>3987</width>
		<height>2420</height>
		<depth>3</depth>
	</size>
	<segmented>0</segmented>
	<object>
		<name>and</name>
		<pose>Unspecified</pose>
		<truncated>0</truncated>
		<difficult>0</difficult>
		<bndbox>
			<xmin>1094</xmin>
			<ymin>600</ymin>
			<xmax>1579</xmax>
			<ymax>1230</ymax>
		</bndbox>
	</object>
	<object>
		<name>and</name>
		<pose>Unspecified</pose>
		<truncated>0</truncated>
		<difficult>0</difficult>
		<bndbox>
			<xmin>2495</xmin>
			<ymin>1232</ymin>
			<xmax>2965</xmax>
			<ymax>1878</ymax>
		</bndbox>
	</object>
</annotation>
