<annotation>
	<folder>images</folder>
	<filename>IMG_20200528_095209.jpg</filename>
	<path>/media/ubuntu/8F73-ECCC/dataset/images/IMG_20200528_095209.jpg</path>
	<source>
		<database>Unknown</database>
	</source>
	<size>
		<width>4000</width>
		<height>3000</height>
		<depth>3</depth>
	</size>
	<segmented>0</segmented>
	<object>
		<name>or</name>
		<pose>Unspecified</pose>
		<truncated>0</truncated>
		<difficult>0</difficult>
		<bndbox>
			<xmin>690</xmin>
			<ymin>1762</ymin>
			<xmax>1690</xmax>
			<ymax>2634</ymax>
		</bndbox>
	</object>
	<object>
		<name>or</name>
		<pose>Unspecified</pose>
		<truncated>0</truncated>
		<difficult>0</difficult>
		<bndbox>
			<xmin>2572</xmin>
			<ymin>428</ymin>
			<xmax>3516</xmax>
			<ymax>1384</ymax>
		</bndbox>
	</object>
</annotation>
