<annotation>
	<folder>images</folder>
	<filename>IMG_20200528_094428.jpg</filename>
	<path>/media/ubuntu/8F73-ECCC/dataset/images/IMG_20200528_094428.jpg</path>
	<source>
		<database>Unknown</database>
	</source>
	<size>
		<width>4000</width>
		<height>3000</height>
		<depth>3</depth>
	</size>
	<segmented>0</segmented>
	<object>
		<name>and</name>
		<pose>Unspecified</pose>
		<truncated>0</truncated>
		<difficult>0</difficult>
		<bndbox>
			<xmin>1107</xmin>
			<ymin>345</ymin>
			<xmax>1663</xmax>
			<ymax>1092</ymax>
		</bndbox>
	</object>
	<object>
		<name>and</name>
		<pose>Unspecified</pose>
		<truncated>0</truncated>
		<difficult>0</difficult>
		<bndbox>
			<xmin>2390</xmin>
			<ymin>1330</ymin>
			<xmax>2946</xmax>
			<ymax>2094</ymax>
		</bndbox>
	</object>
	<object>
		<name>not</name>
		<pose>Unspecified</pose>
		<truncated>0</truncated>
		<difficult>0</difficult>
		<bndbox>
			<xmin>2918</xmin>
			<ymin>1558</ymin>
			<xmax>3098</xmax>
			<ymax>1794</ymax>
		</bndbox>
	</object>
</annotation>
